<?xml version="1.0" encoding="UTF-8"?>
<GenRun Id="impl_1" LaunchPart="xc7k70tfbv676-1" LaunchTime="1663720609">
  <File Type="ROUTE-PWR" Name="lab4dpath_power_routed.rpt"/>
  <File Type="PA-TCL" Name="lab4dpath.tcl"/>
  <File Type="BITSTR-MMI" Name="lab4dpath.mmi"/>
  <File Type="OPT-METHODOLOGY-DRC" Name="lab4dpath_methodology_drc_opted.rpt"/>
  <File Type="INIT-TIMING" Name="lab4dpath_timing_summary_init.rpt"/>
  <File Type="ROUTE-PWR-SUM" Name="lab4dpath_power_summary_routed.pb"/>
  <File Type="REPORTS-TCL" Name="lab4dpath_reports.tcl"/>
  <File Type="OPT-TIMING" Name="lab4dpath_timing_summary_opted.rpt"/>
  <File Type="OPT-DCP" Name="lab4dpath_opt.dcp"/>
  <File Type="OPT-DRC" Name="lab4dpath_drc_opted.rpt"/>
  <File Type="OPT-HWDEF" Name="lab4dpath.hwdef"/>
  <File Type="PWROPT-DCP" Name="lab4dpath_pwropt.dcp"/>
  <File Type="PWROPT-DRC" Name="lab4dpath_drc_pwropted.rpt"/>
  <File Type="PWROPT-TIMING" Name="lab4dpath_timing_summary_pwropted.rpt"/>
  <File Type="PLACE-DCP" Name="lab4dpath_placed.dcp"/>
  <File Type="PLACE-IO" Name="lab4dpath_io_placed.rpt"/>
  <File Type="PLACE-CLK" Name="lab4dpath_clock_utilization_placed.rpt"/>
  <File Type="PLACE-UTIL" Name="lab4dpath_utilization_placed.rpt"/>
  <File Type="PLACE-UTIL-PB" Name="lab4dpath_utilization_placed.pb"/>
  <File Type="PLACE-CTRL" Name="lab4dpath_control_sets_placed.rpt"/>
  <File Type="PLACE-SIMILARITY" Name="lab4dpath_incremental_reuse_placed.rpt"/>
  <File Type="PLACE-PRE-SIMILARITY" Name="lab4dpath_incremental_reuse_pre_placed.rpt"/>
  <File Type="BG-BIN" Name="lab4dpath.bin"/>
  <File Type="PLACE-TIMING" Name="lab4dpath_timing_summary_placed.rpt"/>
  <File Type="POSTPLACE-PWROPT-DCP" Name="lab4dpath_postplace_pwropt.dcp"/>
  <File Type="BITSTR-MSK" Name="lab4dpath.msk"/>
  <File Type="POSTPLACE-PWROPT-TIMING" Name="lab4dpath_timing_summary_postplace_pwropted.rpt"/>
  <File Type="PHYSOPT-DCP" Name="lab4dpath_physopt.dcp"/>
  <File Type="PHYSOPT-DRC" Name="lab4dpath_drc_physopted.rpt"/>
  <File Type="BITSTR-RBT" Name="lab4dpath.rbt"/>
  <File Type="PHYSOPT-TIMING" Name="lab4dpath_timing_summary_physopted.rpt"/>
  <File Type="ROUTE-ERROR-DCP" Name="lab4dpath_routed_error.dcp"/>
  <File Type="ROUTE-DCP" Name="lab4dpath_routed.dcp"/>
  <File Type="ROUTE-BLACKBOX-DCP" Name="lab4dpath_routed_bb.dcp"/>
  <File Type="ROUTE-DRC" Name="lab4dpath_drc_routed.rpt"/>
  <File Type="ROUTE-DRC-PB" Name="lab4dpath_drc_routed.pb"/>
  <File Type="ROUTE-DRC-RPX" Name="lab4dpath_drc_routed.rpx"/>
  <File Type="ROUTE-METHODOLOGY-DRC" Name="lab4dpath_methodology_drc_routed.rpt"/>
  <File Type="ROUTE-METHODOLOGY-DRC-RPX" Name="lab4dpath_methodology_drc_routed.rpx"/>
  <File Type="ROUTE-METHODOLOGY-DRC-PB" Name="lab4dpath_methodology_drc_routed.pb"/>
  <File Type="ROUTE-PWR-RPX" Name="lab4dpath_power_routed.rpx"/>
  <File Type="ROUTE-STATUS" Name="lab4dpath_route_status.rpt"/>
  <File Type="ROUTE-STATUS-PB" Name="lab4dpath_route_status.pb"/>
  <File Type="ROUTE-TIMINGSUMMARY" Name="lab4dpath_timing_summary_routed.rpt"/>
  <File Type="ROUTE-TIMING-PB" Name="lab4dpath_timing_summary_routed.pb"/>
  <File Type="ROUTE-TIMING-RPX" Name="lab4dpath_timing_summary_routed.rpx"/>
  <File Type="ROUTE-SIMILARITY" Name="lab4dpath_incremental_reuse_routed.rpt"/>
  <File Type="ROUTE-CLK" Name="lab4dpath_clock_utilization_routed.rpt"/>
  <File Type="ROUTE-BUS-SKEW" Name="lab4dpath_bus_skew_routed.rpt"/>
  <File Type="ROUTE-BUS-SKEW-PB" Name="lab4dpath_bus_skew_routed.pb"/>
  <File Type="ROUTE-BUS-SKEW-RPX" Name="lab4dpath_bus_skew_routed.rpx"/>
  <File Type="POSTROUTE-PHYSOPT-DCP" Name="lab4dpath_postroute_physopt.dcp"/>
  <File Type="POSTROUTE-PHYSOPT-BLACKBOX-DCP" Name="lab4dpath_postroute_physopt_bb.dcp"/>
  <File Type="POSTROUTE-PHYSOPT-TIMING" Name="lab4dpath_timing_summary_postroute_physopted.rpt"/>
  <File Type="POSTROUTE-PHYSOPT-TIMING-PB" Name="lab4dpath_timing_summary_postroute_physopted.pb"/>
  <File Type="POSTROUTE-PHYSOPT-TIMING-RPX" Name="lab4dpath_timing_summary_postroute_physopted.rpx"/>
  <File Type="POSTROUTE-PHYSOPT-BUS-SKEW" Name="lab4dpath_bus_skew_postroute_physopted.rpt"/>
  <File Type="BG-BIT" Name="lab4dpath.bit"/>
  <File Type="POSTROUTE-PHYSOPT-BUS-SKEW-PB" Name="lab4dpath_bus_skew_postroute_physopted.pb"/>
  <File Type="POSTROUTE-PHYSOPT-BUS-SKEW-RPX" Name="lab4dpath_bus_skew_postroute_physopted.rpx"/>
  <File Type="BITSTR-NKY" Name="lab4dpath.nky"/>
  <File Type="BITSTR-BMM" Name="lab4dpath_bd.bmm"/>
  <File Type="PDI-FILE" Name="lab4dpath.pdi"/>
  <File Type="RCFI_FILE" Name="lab4dpath.rcfi"/>
  <File Type="CFI_FILE" Name="lab4dpath.cfi"/>
  <File Type="RNPI_FILE" Name="lab4dpath.rnpi"/>
  <File Type="NPI_FILE" Name="lab4dpath.npi"/>
  <File Type="RBD_FILE" Name="lab4dpath.rbd"/>
  <File Type="BITSTR-LTX" Name="debug_nets.ltx"/>
  <File Type="BITSTR-LTX" Name="lab4dpath.ltx"/>
  <File Type="BITSTR-SYSDEF" Name="lab4dpath.sysdef"/>
  <File Type="BG-BGN" Name="lab4dpath.bgn"/>
  <File Type="BG-DRC" Name="lab4dpath.drc"/>
  <File Type="RDI-RDI" Name="lab4dpath.vdi"/>
  <File Type="WBT-USG" Name="usage_statistics_webtalk.html"/>
  <File Type="ROUTE-RQS" Name="lab4dpath_routed.rqs"/>
  <File Type="POSTROUTE-PHYSOPT-RQS" Name="lab4dpath_postroute_physopted.rqs"/>
  <File Type="ROUTE-RQS-RPT" Name="route_report_qor_suggestions_0.rpt"/>
  <File Type="POSTROUTE-PHYSOPT-RQS-RPT" Name="postroute_physopt_report_qor_suggestions_0.rpt"/>
  <FileSet Name="sources" Type="DesignSrcs" RelSrcDir="$PSRCDIR/sources_1" RelGenDir="$PGENDIR/sources_1">
    <Filter Type="Srcs"/>
    <File Path="$PSRCDIR/sources_1/ip/mmhard/mmhard.xci">
      <FileInfo>
        <Attr Name="UsedIn" Val="synthesis"/>
        <Attr Name="UsedIn" Val="implementation"/>
        <Attr Name="UsedIn" Val="simulation"/>
      </FileInfo>
    </File>
    <File Path="$PSRCDIR/sources_1/imports/Lab4/lab4dpath.v">
      <FileInfo>
        <Attr Name="ImportPath" Val="$PPRDIR/../Lab4/lab4dpath.v"/>
        <Attr Name="ImportTime" Val="1663167106"/>
        <Attr Name="UsedIn" Val="synthesis"/>
        <Attr Name="UsedIn" Val="implementation"/>
        <Attr Name="UsedIn" Val="simulation"/>
      </FileInfo>
    </File>
    <File Path="$PSRCDIR/sources_1/ip/mult_gen_0/mult_gen_0.xci">
      <FileInfo>
        <Attr Name="AutoDisabled" Val="1"/>
        <Attr Name="UsedIn" Val="synthesis"/>
        <Attr Name="UsedIn" Val="implementation"/>
        <Attr Name="UsedIn" Val="simulation"/>
      </FileInfo>
    </File>
    <Config>
      <Option Name="DesignMode" Val="RTL"/>
      <Option Name="TopModule" Val="lab4dpath"/>
      <Option Name="TopAutoSet" Val="TRUE"/>
    </Config>
  </FileSet>
  <FileSet Name="constrs_in" Type="Constrs" RelSrcDir="$PSRCDIR/constrs_1">
    <Filter Type="Constrs"/>
    <File Path="$PSRCDIR/constrs_1/imports/Lab4/Basys3_Master.xdc">
      <FileInfo>
        <Attr Name="ImportPath" Val="$PPRDIR/../Lab4/Basys3_Master.xdc"/>
        <Attr Name="ImportTime" Val="1661351709"/>
        <Attr Name="UsedIn" Val="synthesis"/>
        <Attr Name="UsedIn" Val="implementation"/>
      </FileInfo>
    </File>
    <Config>
      <Option Name="ConstrsType" Val="XDC"/>
    </Config>
  </FileSet>
  <FileSet Name="utils" Type="Utils" RelSrcDir="$PSRCDIR/utils_1">
    <Filter Type="Utils"/>
    <File Path="$PSRCDIR/utils_1/imports/synth_1/lab4dpath.dcp">
      <FileInfo>
        <Attr Name="ImportPath" Val="$PPRDIR/../../Users/jpcok/Desktop/School Docs/Junior 1/Digital System Design/ece4743/Lab2/project_1/project_1.srcs/utils_1/imports/synth_1/lab4dpath.dcp"/>
        <Attr Name="ImportTime" Val="1663720384"/>
        <Attr Name="UsedIn" Val="synthesis"/>
        <Attr Name="UsedIn" Val="implementation"/>
        <Attr Name="UsedInSteps" Val="synth_1"/>
        <Attr Name="AutoDcp" Val="1"/>
      </FileInfo>
    </File>
    <Config>
      <Option Name="TopAutoSet" Val="TRUE"/>
    </Config>
  </FileSet>
  <Strategy Version="1" Minor="2">
    <StratHandle Name="Vivado Implementation Defaults" Flow="Vivado Implementation 2022"/>
    <Step Id="init_design"/>
    <Step Id="opt_design"/>
    <Step Id="power_opt_design"/>
    <Step Id="place_design"/>
    <Step Id="post_place_power_opt_design"/>
    <Step Id="phys_opt_design"/>
    <Step Id="route_design"/>
    <Step Id="post_route_phys_opt_design"/>
    <Step Id="write_bitstream"/>
  </Strategy>
</GenRun>
