<?xml version="1.0"?>
<Runs Version="1" Minor="0">
	<Run Id="multiply_synth_1" LaunchDir="C:/ece4743/lab6/lab6_part2/empty_template.runs/multiply_synth_1" FlowId="Vivado_Synthesis" FromStepId="vivado" ToStepId="vivado"/>
	<Run Id="synth_1" LaunchDir="C:/ece4743/lab6/lab6_part2/empty_template.runs/synth_1" FlowId="Vivado_Synthesis" FromStepId="vivado" ToStepId="vivado">
		<Parent Id="multiply_synth_1"/>
	</Run>
	<Parameters>
		<Parameter Name="runs.monitorLSFJobs" Val="true" Type="bool"/>
		<Parameter Name="runs.enableClusterConf" Val="true" Type="bool"/>
	</Parameters>
</Runs>

