<?xml version="1.0" encoding="UTF-8"?>
<GenRun Id="synth_1" LaunchPart="xc7a35tcpg236-1" LaunchTime="1667352267" LaunchIncrCheckpoint="$PSRCDIR/utils_1/imports/synth_1/timer32.dcp">
  <File Type="PA-TCL" Name="timer32.tcl"/>
  <File Type="RDS-PROPCONSTRS" Name="timer32_drc_synth.rpt"/>
  <File Type="REPORTS-TCL" Name="timer32_reports.tcl"/>
  <File Type="RDS-RDS" Name="timer32.vds"/>
  <File Type="RDS-UTIL" Name="timer32_utilization_synth.rpt"/>
  <File Type="RDS-UTIL-PB" Name="timer32_utilization_synth.pb"/>
  <File Type="RDS-DCP" Name="timer32.dcp"/>
  <File Type="VDS-TIMINGSUMMARY" Name="timer32_timing_summary_synth.rpt"/>
  <File Type="VDS-TIMING-PB" Name="timer32_timing_summary_synth.pb"/>
  <FileSet Name="sources" Type="DesignSrcs" RelSrcDir="$PSRCDIR/sources_1" RelGenDir="$PGENDIR/sources_1">
    <Filter Type="Srcs"/>
    <File Path="$PSRCDIR/sources_1/imports/lab7_p1_files/timer32.v">
      <FileInfo>
        <Attr Name="ImportPath" Val="$PPRDIR/timer32.v"/>
        <Attr Name="ImportTime" Val="1667317704"/>
        <Attr Name="UsedIn" Val="synthesis"/>
        <Attr Name="UsedIn" Val="implementation"/>
        <Attr Name="UsedIn" Val="simulation"/>
      </FileInfo>
    </File>
    <Config>
      <Option Name="DesignMode" Val="RTL"/>
      <Option Name="TopModule" Val="timer32"/>
      <Option Name="TopAutoSet" Val="TRUE"/>
    </Config>
  </FileSet>
  <FileSet Name="constrs_in" Type="Constrs" RelSrcDir="$PSRCDIR/constrs_1">
    <Filter Type="Constrs"/>
    <Config>
      <Option Name="ConstrsType" Val="XDC"/>
    </Config>
  </FileSet>
  <FileSet Name="utils" Type="Utils" RelSrcDir="$PSRCDIR/utils_1">
    <Filter Type="Utils"/>
    <File Path="$PSRCDIR/utils_1/imports/synth_1/timer32.dcp">
      <FileInfo>
        <Attr Name="ImportPath" Val="$PPRDIR/../../../Users/jpcok/Desktop/School Docs/Junior_1/Digital_System_Design/github files/lab1/empty_template.srcs/utils_1/imports/synth_1/timer32.dcp"/>
        <Attr Name="ImportTime" Val="1667344378"/>
        <Attr Name="UsedIn" Val="synthesis"/>
        <Attr Name="UsedIn" Val="implementation"/>
        <Attr Name="UsedInSteps" Val="synth_1"/>
        <Attr Name="AutoDcp" Val="1"/>
      </FileInfo>
    </File>
    <Config>
      <Option Name="TopAutoSet" Val="TRUE"/>
    </Config>
  </FileSet>
  <Strategy Version="1" Minor="2">
    <StratHandle Name="Vivado Synthesis Defaults" Flow="Vivado Synthesis 2016"/>
    <Step Id="synth_design"/>
  </Strategy>
</GenRun>
