<?xml version="1.0" encoding="UTF-8"?>
<GenRun Id="synth_1" LaunchPart="xc7a35tcpg236-1" LaunchTime="1665275415">
  <File Type="PA-TCL" Name="hw_testbench.tcl"/>
  <File Type="RDS-PROPCONSTRS" Name="hw_testbench_drc_synth.rpt"/>
  <File Type="REPORTS-TCL" Name="hw_testbench_reports.tcl"/>
  <File Type="RDS-RDS" Name="hw_testbench.vds"/>
  <File Type="RDS-UTIL" Name="hw_testbench_utilization_synth.rpt"/>
  <File Type="RDS-UTIL-PB" Name="hw_testbench_utilization_synth.pb"/>
  <File Type="RDS-DCP" Name="hw_testbench.dcp"/>
  <File Type="VDS-TIMINGSUMMARY" Name="hw_testbench_timing_summary_synth.rpt"/>
  <File Type="VDS-TIMING-PB" Name="hw_testbench_timing_summary_synth.pb"/>
  <FileSet Name="sources" Type="DesignSrcs" RelSrcDir="$PSRCDIR/sources_1" RelGenDir="$PGENDIR/sources_1">
    <Filter Type="Srcs"/>
    <File Path="$PSRCDIR/sources_1/imports/lab6_part2/lab6dpath.v">
      <FileInfo>
        <Attr Name="ImportPath" Val="$PPRDIR/lab6dpath.v"/>
        <Attr Name="ImportTime" Val="1664933967"/>
        <Attr Name="UsedIn" Val="synthesis"/>
        <Attr Name="UsedIn" Val="implementation"/>
        <Attr Name="UsedIn" Val="simulation"/>
      </FileInfo>
    </File>
    <File Path="$PSRCDIR/sources_1/imports/lab6_part2/lfsr.v">
      <FileInfo>
        <Attr Name="ImportPath" Val="$PPRDIR/lfsr.v"/>
        <Attr Name="ImportTime" Val="1664920471"/>
        <Attr Name="UsedIn" Val="synthesis"/>
        <Attr Name="UsedIn" Val="implementation"/>
        <Attr Name="UsedIn" Val="simulation"/>
      </FileInfo>
    </File>
    <File Path="$PSRCDIR/sources_1/imports/lab6_part2/pulsegenms.v">
      <FileInfo>
        <Attr Name="ImportPath" Val="$PPRDIR/pulsegenms.v"/>
        <Attr Name="ImportTime" Val="1664920471"/>
        <Attr Name="UsedIn" Val="synthesis"/>
        <Attr Name="UsedIn" Val="implementation"/>
        <Attr Name="UsedIn" Val="simulation"/>
      </FileInfo>
    </File>
    <File Path="$PSRCDIR/sources_1/imports/lab6_part2/sevenseg.v">
      <FileInfo>
        <Attr Name="ImportPath" Val="$PPRDIR/sevenseg.v"/>
        <Attr Name="ImportTime" Val="1664920471"/>
        <Attr Name="UsedIn" Val="synthesis"/>
        <Attr Name="UsedIn" Val="implementation"/>
        <Attr Name="UsedIn" Val="simulation"/>
      </FileInfo>
    </File>
    <File Path="$PSRCDIR/sources_1/imports/lab6_part2/hw_testbench.v">
      <FileInfo>
        <Attr Name="ImportPath" Val="$PPRDIR/hw_testbench.v"/>
        <Attr Name="ImportTime" Val="1664920471"/>
        <Attr Name="UsedIn" Val="synthesis"/>
        <Attr Name="UsedIn" Val="implementation"/>
        <Attr Name="UsedIn" Val="simulation"/>
      </FileInfo>
    </File>
    <Config>
      <Option Name="DesignMode" Val="RTL"/>
      <Option Name="TopModule" Val="hw_testbench"/>
      <Option Name="TopAutoSet" Val="TRUE"/>
    </Config>
  </FileSet>
  <FileSet Name="constrs_in" Type="Constrs" RelSrcDir="$PSRCDIR/constrs_1">
    <Filter Type="Constrs"/>
    <File Path="$PSRCDIR/constrs_1/imports/lab6_part2/Basys3_Master.xdc">
      <FileInfo>
        <Attr Name="ImportPath" Val="$PPRDIR/Basys3_Master.xdc"/>
        <Attr Name="ImportTime" Val="1664920471"/>
        <Attr Name="UsedIn" Val="synthesis"/>
        <Attr Name="UsedIn" Val="implementation"/>
      </FileInfo>
    </File>
    <Config>
      <Option Name="ConstrsType" Val="XDC"/>
    </Config>
  </FileSet>
  <FileSet Name="utils" Type="Utils" RelSrcDir="$PSRCDIR/utils_1">
    <Filter Type="Utils"/>
    <Config>
      <Option Name="TopAutoSet" Val="TRUE"/>
    </Config>
  </FileSet>
  <Strategy Version="1" Minor="2">
    <StratHandle Name="Vivado Synthesis Defaults" Flow="Vivado Synthesis 2016"/>
    <Step Id="synth_design"/>
  </Strategy>
  <BlockFileSet Type="BlockSrcs" Name="clk_wiz"/>
  <BlockFileSet Type="BlockSrcs" Name="multiply"/>
</GenRun>
