<?xml version="1.0" encoding="UTF-8"?>
<GenRun Id="impl_1" LaunchPart="xc7a35tcpg236-1" LaunchTime="1665275638">
  <File Type="ROUTE-PWR" Name="hw_testbench_power_routed.rpt"/>
  <File Type="PA-TCL" Name="hw_testbench.tcl"/>
  <File Type="BITSTR-MMI" Name="hw_testbench.mmi"/>
  <File Type="OPT-METHODOLOGY-DRC" Name="hw_testbench_methodology_drc_opted.rpt"/>
  <File Type="INIT-TIMING" Name="hw_testbench_timing_summary_init.rpt"/>
  <File Type="ROUTE-PWR-SUM" Name="hw_testbench_power_summary_routed.pb"/>
  <File Type="REPORTS-TCL" Name="hw_testbench_reports.tcl"/>
  <File Type="OPT-TIMING" Name="hw_testbench_timing_summary_opted.rpt"/>
  <File Type="OPT-DCP" Name="hw_testbench_opt.dcp"/>
  <File Type="OPT-DRC" Name="hw_testbench_drc_opted.rpt"/>
  <File Type="OPT-HWDEF" Name="hw_testbench.hwdef"/>
  <File Type="PWROPT-DCP" Name="hw_testbench_pwropt.dcp"/>
  <File Type="PWROPT-DRC" Name="hw_testbench_drc_pwropted.rpt"/>
  <File Type="PWROPT-TIMING" Name="hw_testbench_timing_summary_pwropted.rpt"/>
  <File Type="PLACE-DCP" Name="hw_testbench_placed.dcp"/>
  <File Type="PLACE-IO" Name="hw_testbench_io_placed.rpt"/>
  <File Type="PLACE-CLK" Name="hw_testbench_clock_utilization_placed.rpt"/>
  <File Type="PLACE-UTIL" Name="hw_testbench_utilization_placed.rpt"/>
  <File Type="PLACE-UTIL-PB" Name="hw_testbench_utilization_placed.pb"/>
  <File Type="PLACE-CTRL" Name="hw_testbench_control_sets_placed.rpt"/>
  <File Type="PLACE-SIMILARITY" Name="hw_testbench_incremental_reuse_placed.rpt"/>
  <File Type="PLACE-PRE-SIMILARITY" Name="hw_testbench_incremental_reuse_pre_placed.rpt"/>
  <File Type="BG-BIN" Name="hw_testbench.bin"/>
  <File Type="PLACE-TIMING" Name="hw_testbench_timing_summary_placed.rpt"/>
  <File Type="POSTPLACE-PWROPT-DCP" Name="hw_testbench_postplace_pwropt.dcp"/>
  <File Type="BITSTR-MSK" Name="hw_testbench.msk"/>
  <File Type="POSTPLACE-PWROPT-TIMING" Name="hw_testbench_timing_summary_postplace_pwropted.rpt"/>
  <File Type="PHYSOPT-DCP" Name="hw_testbench_physopt.dcp"/>
  <File Type="PHYSOPT-DRC" Name="hw_testbench_drc_physopted.rpt"/>
  <File Type="BITSTR-RBT" Name="hw_testbench.rbt"/>
  <File Type="PHYSOPT-TIMING" Name="hw_testbench_timing_summary_physopted.rpt"/>
  <File Type="ROUTE-ERROR-DCP" Name="hw_testbench_routed_error.dcp"/>
  <File Type="ROUTE-DCP" Name="hw_testbench_routed.dcp"/>
  <File Type="ROUTE-BLACKBOX-DCP" Name="hw_testbench_routed_bb.dcp"/>
  <File Type="ROUTE-DRC" Name="hw_testbench_drc_routed.rpt"/>
  <File Type="ROUTE-DRC-PB" Name="hw_testbench_drc_routed.pb"/>
  <File Type="ROUTE-DRC-RPX" Name="hw_testbench_drc_routed.rpx"/>
  <File Type="ROUTE-METHODOLOGY-DRC" Name="hw_testbench_methodology_drc_routed.rpt"/>
  <File Type="ROUTE-METHODOLOGY-DRC-RPX" Name="hw_testbench_methodology_drc_routed.rpx"/>
  <File Type="ROUTE-METHODOLOGY-DRC-PB" Name="hw_testbench_methodology_drc_routed.pb"/>
  <File Type="ROUTE-PWR-RPX" Name="hw_testbench_power_routed.rpx"/>
  <File Type="ROUTE-STATUS" Name="hw_testbench_route_status.rpt"/>
  <File Type="ROUTE-STATUS-PB" Name="hw_testbench_route_status.pb"/>
  <File Type="ROUTE-TIMINGSUMMARY" Name="hw_testbench_timing_summary_routed.rpt"/>
  <File Type="ROUTE-TIMING-PB" Name="hw_testbench_timing_summary_routed.pb"/>
  <File Type="ROUTE-TIMING-RPX" Name="hw_testbench_timing_summary_routed.rpx"/>
  <File Type="ROUTE-SIMILARITY" Name="hw_testbench_incremental_reuse_routed.rpt"/>
  <File Type="ROUTE-CLK" Name="hw_testbench_clock_utilization_routed.rpt"/>
  <File Type="ROUTE-BUS-SKEW" Name="hw_testbench_bus_skew_routed.rpt"/>
  <File Type="ROUTE-BUS-SKEW-PB" Name="hw_testbench_bus_skew_routed.pb"/>
  <File Type="ROUTE-BUS-SKEW-RPX" Name="hw_testbench_bus_skew_routed.rpx"/>
  <File Type="POSTROUTE-PHYSOPT-DCP" Name="hw_testbench_postroute_physopt.dcp"/>
  <File Type="POSTROUTE-PHYSOPT-BLACKBOX-DCP" Name="hw_testbench_postroute_physopt_bb.dcp"/>
  <File Type="POSTROUTE-PHYSOPT-TIMING" Name="hw_testbench_timing_summary_postroute_physopted.rpt"/>
  <File Type="POSTROUTE-PHYSOPT-TIMING-PB" Name="hw_testbench_timing_summary_postroute_physopted.pb"/>
  <File Type="POSTROUTE-PHYSOPT-TIMING-RPX" Name="hw_testbench_timing_summary_postroute_physopted.rpx"/>
  <File Type="POSTROUTE-PHYSOPT-BUS-SKEW" Name="hw_testbench_bus_skew_postroute_physopted.rpt"/>
  <File Type="BG-BIT" Name="hw_testbench.bit"/>
  <File Type="POSTROUTE-PHYSOPT-BUS-SKEW-PB" Name="hw_testbench_bus_skew_postroute_physopted.pb"/>
  <File Type="POSTROUTE-PHYSOPT-BUS-SKEW-RPX" Name="hw_testbench_bus_skew_postroute_physopted.rpx"/>
  <File Type="BITSTR-NKY" Name="hw_testbench.nky"/>
  <File Type="BITSTR-BMM" Name="hw_testbench_bd.bmm"/>
  <File Type="PDI-FILE" Name="hw_testbench.pdi"/>
  <File Type="RCFI_FILE" Name="hw_testbench.rcfi"/>
  <File Type="CFI_FILE" Name="hw_testbench.cfi"/>
  <File Type="RNPI_FILE" Name="hw_testbench.rnpi"/>
  <File Type="NPI_FILE" Name="hw_testbench.npi"/>
  <File Type="RBD_FILE" Name="hw_testbench.rbd"/>
  <File Type="BITSTR-LTX" Name="debug_nets.ltx"/>
  <File Type="BITSTR-LTX" Name="hw_testbench.ltx"/>
  <File Type="BITSTR-SYSDEF" Name="hw_testbench.sysdef"/>
  <File Type="BG-BGN" Name="hw_testbench.bgn"/>
  <File Type="BG-DRC" Name="hw_testbench.drc"/>
  <File Type="RDI-RDI" Name="hw_testbench.vdi"/>
  <File Type="WBT-USG" Name="usage_statistics_webtalk.html"/>
  <File Type="ROUTE-RQS" Name="hw_testbench_routed.rqs"/>
  <File Type="POSTROUTE-PHYSOPT-RQS" Name="hw_testbench_postroute_physopted.rqs"/>
  <File Type="ROUTE-RQS-RPT" Name="route_report_qor_suggestions_0.rpt"/>
  <File Type="POSTROUTE-PHYSOPT-RQS-RPT" Name="postroute_physopt_report_qor_suggestions_0.rpt"/>
  <FileSet Name="sources" Type="DesignSrcs" RelSrcDir="$PSRCDIR/sources_1" RelGenDir="$PGENDIR/sources_1">
    <Filter Type="Srcs"/>
    <File Path="$PSRCDIR/sources_1/imports/lab6_part2/lab6dpath.v">
      <FileInfo>
        <Attr Name="ImportPath" Val="$PPRDIR/lab6dpath.v"/>
        <Attr Name="ImportTime" Val="1664933967"/>
        <Attr Name="UsedIn" Val="synthesis"/>
        <Attr Name="UsedIn" Val="implementation"/>
        <Attr Name="UsedIn" Val="simulation"/>
      </FileInfo>
    </File>
    <File Path="$PSRCDIR/sources_1/imports/lab6_part2/lfsr.v">
      <FileInfo>
        <Attr Name="ImportPath" Val="$PPRDIR/lfsr.v"/>
        <Attr Name="ImportTime" Val="1664920471"/>
        <Attr Name="UsedIn" Val="synthesis"/>
        <Attr Name="UsedIn" Val="implementation"/>
        <Attr Name="UsedIn" Val="simulation"/>
      </FileInfo>
    </File>
    <File Path="$PSRCDIR/sources_1/imports/lab6_part2/pulsegenms.v">
      <FileInfo>
        <Attr Name="ImportPath" Val="$PPRDIR/pulsegenms.v"/>
        <Attr Name="ImportTime" Val="1664920471"/>
        <Attr Name="UsedIn" Val="synthesis"/>
        <Attr Name="UsedIn" Val="implementation"/>
        <Attr Name="UsedIn" Val="simulation"/>
      </FileInfo>
    </File>
    <File Path="$PSRCDIR/sources_1/imports/lab6_part2/sevenseg.v">
      <FileInfo>
        <Attr Name="ImportPath" Val="$PPRDIR/sevenseg.v"/>
        <Attr Name="ImportTime" Val="1664920471"/>
        <Attr Name="UsedIn" Val="synthesis"/>
        <Attr Name="UsedIn" Val="implementation"/>
        <Attr Name="UsedIn" Val="simulation"/>
      </FileInfo>
    </File>
    <File Path="$PSRCDIR/sources_1/imports/lab6_part2/hw_testbench.v">
      <FileInfo>
        <Attr Name="ImportPath" Val="$PPRDIR/hw_testbench.v"/>
        <Attr Name="ImportTime" Val="1664920471"/>
        <Attr Name="UsedIn" Val="synthesis"/>
        <Attr Name="UsedIn" Val="implementation"/>
        <Attr Name="UsedIn" Val="simulation"/>
      </FileInfo>
    </File>
    <Config>
      <Option Name="DesignMode" Val="RTL"/>
      <Option Name="TopModule" Val="hw_testbench"/>
      <Option Name="TopAutoSet" Val="TRUE"/>
    </Config>
  </FileSet>
  <FileSet Name="constrs_in" Type="Constrs" RelSrcDir="$PSRCDIR/constrs_1">
    <Filter Type="Constrs"/>
    <File Path="$PSRCDIR/constrs_1/imports/lab6_part2/Basys3_Master.xdc">
      <FileInfo>
        <Attr Name="ImportPath" Val="$PPRDIR/Basys3_Master.xdc"/>
        <Attr Name="ImportTime" Val="1664920471"/>
        <Attr Name="UsedIn" Val="synthesis"/>
        <Attr Name="UsedIn" Val="implementation"/>
      </FileInfo>
    </File>
    <Config>
      <Option Name="ConstrsType" Val="XDC"/>
    </Config>
  </FileSet>
  <FileSet Name="utils" Type="Utils" RelSrcDir="$PSRCDIR/utils_1">
    <Filter Type="Utils"/>
    <Config>
      <Option Name="TopAutoSet" Val="TRUE"/>
    </Config>
  </FileSet>
  <Strategy Version="1" Minor="2">
    <StratHandle Name="Vivado Implementation Defaults" Flow="Vivado Implementation 2016"/>
    <Step Id="init_design"/>
    <Step Id="opt_design"/>
    <Step Id="power_opt_design"/>
    <Step Id="place_design"/>
    <Step Id="post_place_power_opt_design"/>
    <Step Id="phys_opt_design"/>
    <Step Id="route_design"/>
    <Step Id="post_route_phys_opt_design"/>
    <Step Id="write_bitstream"/>
  </Strategy>
  <BlockFileSet Type="BlockSrcs" Name="clk_wiz"/>
  <BlockFileSet Type="BlockSrcs" Name="multiply"/>
</GenRun>
