<?xml version="1.0" encoding="UTF-8"?>
<GenRun Id="synth_1" LaunchPart="xc7k70tfbv676-1" LaunchTime="1664326612" LaunchIncrCheckpoint="$PSRCDIR/utils_1/imports/synth_1/satadd.dcp">
  <File Type="PA-TCL" Name="satadd.tcl"/>
  <File Type="RDS-PROPCONSTRS" Name="satadd_drc_synth.rpt"/>
  <File Type="REPORTS-TCL" Name="satadd_reports.tcl"/>
  <File Type="RDS-RDS" Name="satadd.vds"/>
  <File Type="RDS-UTIL" Name="satadd_utilization_synth.rpt"/>
  <File Type="RDS-UTIL-PB" Name="satadd_utilization_synth.pb"/>
  <File Type="RDS-DCP" Name="satadd.dcp"/>
  <File Type="VDS-TIMINGSUMMARY" Name="satadd_timing_summary_synth.rpt"/>
  <File Type="VDS-TIMING-PB" Name="satadd_timing_summary_synth.pb"/>
  <FileSet Name="sources" Type="DesignSrcs" RelSrcDir="$PSRCDIR/sources_1" RelGenDir="$PGENDIR/sources_1">
    <Filter Type="Srcs"/>
    <File Path="$PSRCDIR/sources_1/imports/Lab3_part2/satadd.v">
      <FileInfo>
        <Attr Name="ImportPath" Val="$PPRDIR/satadd.v"/>
        <Attr Name="ImportTime" Val="1662509776"/>
        <Attr Name="UsedIn" Val="synthesis"/>
        <Attr Name="UsedIn" Val="implementation"/>
        <Attr Name="UsedIn" Val="simulation"/>
      </FileInfo>
    </File>
    <Config>
      <Option Name="DesignMode" Val="RTL"/>
      <Option Name="TopModule" Val="satadd"/>
      <Option Name="TopAutoSet" Val="TRUE"/>
    </Config>
  </FileSet>
  <FileSet Name="constrs_in" Type="Constrs" RelSrcDir="$PSRCDIR/constrs_1">
    <Filter Type="Constrs"/>
    <Config>
      <Option Name="ConstrsType" Val="XDC"/>
    </Config>
  </FileSet>
  <FileSet Name="utils" Type="Utils" RelSrcDir="$PSRCDIR/utils_1">
    <Filter Type="Utils"/>
    <File Path="$PSRCDIR/utils_1/imports/synth_1/satadd.dcp">
      <FileInfo>
        <Attr Name="ImportPath" Val="$PPRDIR/../../../../Users/jpcok/Desktop/School Docs/Junior 1/Digital System Design/ece4743/Lab2/project_1/project_1.srcs/utils_1/imports/synth_1/satadd.dcp"/>
        <Attr Name="ImportTime" Val="1664326590"/>
        <Attr Name="UsedIn" Val="synthesis"/>
        <Attr Name="UsedIn" Val="implementation"/>
        <Attr Name="UsedInSteps" Val="synth_1"/>
        <Attr Name="AutoDcp" Val="1"/>
      </FileInfo>
    </File>
    <Config>
      <Option Name="TopAutoSet" Val="TRUE"/>
    </Config>
  </FileSet>
  <Strategy Version="1" Minor="2">
    <StratHandle Name="Vivado Synthesis Defaults" Flow="Vivado Synthesis 2022"/>
    <Step Id="synth_design"/>
  </Strategy>
  <BlockFileSet Type="BlockSrcs" Name="ip_addsub"/>
</GenRun>
