<?xml version="1.0" encoding="UTF-8"?>
<GenRun Id="multiply_synth_1" LaunchPart="xc7a35tcpg236-1" LaunchTime="1665275408">
  <File Type="PA-TCL" Name="multiply.tcl"/>
  <File Type="RDS-PROPCONSTRS" Name="multiply_drc_synth.rpt"/>
  <File Type="REPORTS-TCL" Name="multiply_reports.tcl"/>
  <File Type="RDS-RDS" Name="multiply.vds"/>
  <File Type="RDS-UTIL" Name="multiply_utilization_synth.rpt"/>
  <File Type="RDS-UTIL-PB" Name="multiply_utilization_synth.pb"/>
  <File Type="RDS-DCP" Name="multiply.dcp"/>
  <File Type="VDS-TIMINGSUMMARY" Name="multiply_timing_summary_synth.rpt"/>
  <File Type="VDS-TIMING-PB" Name="multiply_timing_summary_synth.pb"/>
  <FileSet Name="sources" Type="BlockSrcs" RelSrcDir="$PSRCDIR/multiply">
    <File Path="$PSRCDIR/sources_1/ip/multiply/multiply.xci">
      <FileInfo>
        <Attr Name="UsedIn" Val="synthesis"/>
        <Attr Name="UsedIn" Val="implementation"/>
        <Attr Name="UsedIn" Val="simulation"/>
      </FileInfo>
    </File>
    <Config>
      <Option Name="TopModule" Val="multiply"/>
      <Option Name="UseBlackboxStub" Val="1"/>
    </Config>
  </FileSet>
  <FileSet Name="constrs_in" Type="BlockSrcs" RelSrcDir="$PSRCDIR/multiply">
    <File Path="$PSRCDIR/sources_1/ip/multiply/multiply.xci">
      <FileInfo>
        <Attr Name="UsedIn" Val="synthesis"/>
        <Attr Name="UsedIn" Val="implementation"/>
        <Attr Name="UsedIn" Val="simulation"/>
      </FileInfo>
    </File>
    <Config>
      <Option Name="TopModule" Val="multiply"/>
      <Option Name="UseBlackboxStub" Val="1"/>
    </Config>
  </FileSet>
  <FileSet Name="utils" Type="Utils" RelSrcDir="$PSRCDIR/utils_1">
    <Filter Type="Utils"/>
    <Config>
      <Option Name="TopAutoSet" Val="TRUE"/>
    </Config>
  </FileSet>
  <Strategy Version="1" Minor="2">
    <StratHandle Name="Vivado Synthesis Defaults" Flow="Vivado Synthesis 2022">
      <Desc>Vivado Synthesis Defaults</Desc>
    </StratHandle>
    <Step Id="synth_design"/>
  </Strategy>
</GenRun>
