<?xml version="1.0" encoding="UTF-8"?>
<GenRun Id="synth_1" LaunchPart="xc7a35tcpg236-1" LaunchTime="1668195867" LaunchIncrCheckpoint="$PSRCDIR/utils_1/imports/synth_1/fifo.dcp">
  <File Type="PA-TCL" Name="fifo.tcl"/>
  <File Type="RDS-PROPCONSTRS" Name="fifo_drc_synth.rpt"/>
  <File Type="REPORTS-TCL" Name="fifo_reports.tcl"/>
  <File Type="RDS-RDS" Name="fifo.vds"/>
  <File Type="RDS-UTIL" Name="fifo_utilization_synth.rpt"/>
  <File Type="RDS-UTIL-PB" Name="fifo_utilization_synth.pb"/>
  <File Type="RDS-DCP" Name="fifo.dcp"/>
  <File Type="VDS-TIMINGSUMMARY" Name="fifo_timing_summary_synth.rpt"/>
  <File Type="VDS-TIMING-PB" Name="fifo_timing_summary_synth.pb"/>
  <FileSet Name="sources" Type="DesignSrcs" RelSrcDir="$PSRCDIR/sources_1" RelGenDir="$PGENDIR/sources_1">
    <Filter Type="Srcs"/>
    <File Path="$PPRDIR/fifo.v">
      <FileInfo>
        <Attr Name="UsedIn" Val="synthesis"/>
        <Attr Name="UsedIn" Val="implementation"/>
        <Attr Name="UsedIn" Val="simulation"/>
      </FileInfo>
    </File>
    <Config>
      <Option Name="DesignMode" Val="RTL"/>
      <Option Name="TopModule" Val="fifo"/>
      <Option Name="TopAutoSet" Val="TRUE"/>
    </Config>
  </FileSet>
  <FileSet Name="constrs_in" Type="Constrs" RelSrcDir="$PSRCDIR/constrs_1">
    <Filter Type="Constrs"/>
    <Config>
      <Option Name="ConstrsType" Val="XDC"/>
    </Config>
  </FileSet>
  <FileSet Name="utils" Type="Utils" RelSrcDir="$PSRCDIR/utils_1">
    <Filter Type="Utils"/>
    <File Path="$PSRCDIR/utils_1/imports/synth_1/fifo.dcp">
      <FileInfo>
        <Attr Name="ImportPath" Val="$PPRDIR/../../Users/jpcok/Desktop/School Docs/Junior_1/Digital_System_Design/github files/lab1/empty_template.srcs/utils_1/imports/synth_1/fifo.dcp"/>
        <Attr Name="ImportTime" Val="1668190770"/>
        <Attr Name="UsedIn" Val="synthesis"/>
        <Attr Name="UsedIn" Val="implementation"/>
        <Attr Name="UsedInSteps" Val="synth_1"/>
        <Attr Name="AutoDcp" Val="1"/>
      </FileInfo>
    </File>
    <Config>
      <Option Name="TopAutoSet" Val="TRUE"/>
    </Config>
  </FileSet>
  <Strategy Version="1" Minor="2">
    <StratHandle Name="Vivado Synthesis Defaults" Flow="Vivado Synthesis 2016"/>
    <Step Id="synth_design"/>
  </Strategy>
  <BlockFileSet Type="BlockSrcs" Name="blk_mem_gen"/>
</GenRun>
