<?xml version="1.0" encoding="UTF-8"?>
<GenRun Id="synth_1" LaunchPart="xc7k70tfbv676-1" LaunchTime="1664934061" LaunchIncrCheckpoint="$PSRCDIR/utils_1/imports/synth_1/lab6dpath.dcp">
  <File Type="PA-TCL" Name="lab6dpath.tcl"/>
  <File Type="RDS-PROPCONSTRS" Name="lab6dpath_drc_synth.rpt"/>
  <File Type="REPORTS-TCL" Name="lab6dpath_reports.tcl"/>
  <File Type="RDS-RDS" Name="lab6dpath.vds"/>
  <File Type="RDS-UTIL" Name="lab6dpath_utilization_synth.rpt"/>
  <File Type="RDS-UTIL-PB" Name="lab6dpath_utilization_synth.pb"/>
  <File Type="RDS-DCP" Name="lab6dpath.dcp"/>
  <File Type="VDS-TIMINGSUMMARY" Name="lab6dpath_timing_summary_synth.rpt"/>
  <File Type="VDS-TIMING-PB" Name="lab6dpath_timing_summary_synth.pb"/>
  <FileSet Name="sources" Type="DesignSrcs" RelSrcDir="$PSRCDIR/sources_1" RelGenDir="$PGENDIR/sources_1">
    <Filter Type="Srcs"/>
    <File Path="$PSRCDIR/sources_1/ip/multiply/multiply.xci">
      <FileInfo>
        <Attr Name="UsedIn" Val="synthesis"/>
        <Attr Name="UsedIn" Val="implementation"/>
        <Attr Name="UsedIn" Val="simulation"/>
      </FileInfo>
    </File>
    <File Path="$PSRCDIR/sources_1/imports/lab6_part1/lab6dpath.v">
      <FileInfo>
        <Attr Name="ImportPath" Val="$PPRDIR/lab6dpath.v"/>
        <Attr Name="ImportTime" Val="1664920471"/>
        <Attr Name="UsedIn" Val="synthesis"/>
        <Attr Name="UsedIn" Val="implementation"/>
        <Attr Name="UsedIn" Val="simulation"/>
      </FileInfo>
    </File>
    <Config>
      <Option Name="DesignMode" Val="RTL"/>
      <Option Name="TopModule" Val="lab6dpath"/>
      <Option Name="TopAutoSet" Val="TRUE"/>
    </Config>
  </FileSet>
  <FileSet Name="constrs_in" Type="Constrs" RelSrcDir="$PSRCDIR/constrs_1">
    <Filter Type="Constrs"/>
    <Config>
      <Option Name="ConstrsType" Val="XDC"/>
    </Config>
  </FileSet>
  <FileSet Name="utils" Type="Utils" RelSrcDir="$PSRCDIR/utils_1">
    <Filter Type="Utils"/>
    <File Path="$PSRCDIR/utils_1/imports/synth_1/lab6dpath.dcp">
      <FileInfo>
        <Attr Name="ImportPath" Val="$PPRDIR/../../../Users/jpcok/Desktop/School Docs/Junior 1/Digital System Design/ece4743/Lab2/project_1/project_1.srcs/utils_1/imports/synth_1/lab6dpath.dcp"/>
        <Attr Name="ImportTime" Val="1664929898"/>
        <Attr Name="UsedIn" Val="synthesis"/>
        <Attr Name="UsedIn" Val="implementation"/>
        <Attr Name="UsedInSteps" Val="synth_1"/>
        <Attr Name="AutoDcp" Val="1"/>
      </FileInfo>
    </File>
    <Config>
      <Option Name="TopAutoSet" Val="TRUE"/>
    </Config>
  </FileSet>
  <Strategy Version="1" Minor="2">
    <StratHandle Name="Vivado Synthesis Defaults" Flow="Vivado Synthesis 2022"/>
    <Step Id="synth_design"/>
  </Strategy>
</GenRun>
